{
  "id": "wteaw-universe-actor-sheets",
  "title": "WteaW Universe Actor Sheets",
  "version": "1.0.0",
  "compatibility": {
    "minimum": "11",
    "verified": "11"
  },
  "relationships": {
    "requires": [
      {
        "id": "pf-content",
        "type": "module",
        "compatibility": {}
      },
      {
        "id": "pf1e-archetypes",
        "type": "module",
        "compatibility": {}
      },
      {
        "id": "token-action-hud-core",
        "type": "module",
        "compatibility": {}
      },
      {
        "id": "token-action-hud-pf1",
        "type": "module",
        "compatibility": {}
      },
      {
        "id": "token-hud-wildcard",
        "type": "module",
        "compatibility": {}
      }
    ],
    "recommends": [
      {
        "id": "actor-attribute-list",
        "type": "module",
        "compatibility": {}
      },
      {
        "id": "wall-height",
        "type": "module",
        "compatibility": {}
      }
    ]
  },
  "description": "Shared compendium for lag reduction and moving sheets.",
  "authors": [
    {
      "name": "Zendoo101"
    }
  ],
  "packs": [
    {
      "name": "npcs-and-monsters-of-wteaw",
      "label": "WteaW NPCs and Monsters",
      "path": "packs/npcs-and-monsters-of-wteaw",
      "type": "Actor",
      "system": "pf1",
      "ownership": {
        "PLAYER": "OBSERVER",
        "ASSISTANT": "OWNER"
      }
    },
    {
      "name": "wteaw-items",
      "label": "WteaW Items",
      "path": "packs/wteaw-items",
      "type": "Item",
      "system": "pf1",
      "ownership": {
        "PLAYER": "OBSERVER",
        "ASSISTANT": "OWNER"
      }
    },
    {
      "name": "wteaw-maps",
      "label": "WteaW Maps",
      "path": "packs/wteaw-maps",
      "type": "Scene",
      "system": "pf1",
      "ownership": {
        "PLAYER": "OBSERVER",
        "ASSISTANT": "OWNER"
      }
    },
    {
      "name": "wteaw-journals",
      "label": "WteaW Journals",
      "path": "packs/wteaw-journals",
      "type": "JournalEntry",
      "system": "pf1",
      "ownership": {
        "PLAYER": "OBSERVER",
        "ASSISTANT": "OWNER"
      }
    }
  ]
}